Doc ID,Disorder,Best Parameters,Accuracy,F1 Score,Predicted Values
"[3, 5, 7, 9, 10, 11, 12, 14, 17, 25, 29, 31, 32, 33, 37, 38, 39, 40, 41, 42, 43, 44, 48, 52, 57, 58, 60, 63, 66, 67, 72, 73, 80, 82, 83, 87, 88, 90, 92, 94, 96, 100, 101, 105, 110, 112, 115, 116, 117, 118, 119, 122, 123, 124, 125, 129, 131, 136, 139, 140, 141, 142, 143, 144, 146, 148, 149, 152, 153, 156, 158, 162, 165, 167, 168, 169, 171, 172, 173, 174, 176, 177, 178, 179, 183, 185, 187, 190, 191, 192, 193, 197, 198, 200, 201, 202, 203, 204, 205, 206, 207, 210, 211, 212, 213, 216, 217, 218, 219, 221, 222, 227, 229, 230, 231, 232, 233, 234, 236, 238, 239, 240, 241, 243, 247, 248, 250, 251, 252, 253, 256, 257, 261, 264, 265, 268, 269, 271, 272, 273, 275, 276, 279, 280, 282, 283, 286, 288, 289, 294, 295, 296, 297, 300, 302, 304, 306, 308, 309, 310, 314, 315, 317, 321, 322, 323, 324, 326, 333, 339, 341, 344, 347, 350, 351, 353, 355, 357, 361, 362, 363, 365, 366, 367, 368, 370, 371, 372, 373, 374, 375, 378, 380, 382, 383, 384, 385, 386, 387, 389, 392, 393, 395, 397, 399, 401, 402, 403, 404, 405, 408, 409, 412, 414, 418, 419, 421, 424, 426, 428, 429, 431, 432, 434, 435, 438, 439, 440, 442, 443, 445, 447, 449, 451, 452, 453, 454, 455, 456, 458, 459, 460, 461, 462, 471, 472, 474, 476, 479, 480, 481, 482, 483, 485, 487, 488, 490, 491, 492, 495, 500, 501, 503, 510, 511, 512, 513, 514, 515, 517, 520, 521, 523, 525, 526, 527, 528, 532, 534, 535, 538, 539, 540, 541, 543, 544, 545, 547, 548, 555, 566, 567, 571, 572, 573, 575, 579, 581, 582, 586, 587, 591, 593, 594, 596, 597, 598, 599, 601, 602, 604, 606, 609, 612, 615, 618, 620, 623, 626, 628, 632, 635, 638, 640, 642, 643, 646, 647, 649, 650, 652, 653, 654, 655, 656, 658, 661, 662, 663, 668, 675, 687, 688, 690, 692, 694, 697, 700, 707, 714, 717, 720, 721, 727, 732, 735, 748, 749, 751, 752, 757, 759, 761, 762, 764, 765, 773, 774, 775, 781, 786, 789, 790, 797, 803, 804, 806, 808, 812, 813, 818, 819, 830, 832, 834, 835, 836, 839, 840, 842, 844, 845, 848, 853, 864, 875, 886, 887, 888, 894, 896, 899, 906, 907, 908, 917, 925, 938, 950, 962, 970, 972, 979, 990, 994, 995, 1005, 1008, 1014, 1017, 1018, 1020, 1022, 1025, 1030, 1032, 1035, 1036, 1048, 1056, 1058, 1062, 1073, 1074, 1083, 1088, 1091, 1093, 1094, 1099, 1102, 1107, 1113, 1115, 1116, 1125, 1137, 1138, 1139, 1140, 1141, 1142, 1151, 1163, 1170, 1174, 1188, 1192, 1195, 1199, 1204, 1206, 1207, 1215, 1224, 1225, 1228, 1230, 1231, 1241, 1247]",Asthma,"{'gamma': 0, 'learning_rate': 0.01, 'max_depth': 3, 'min_child_weight': 1, 'n_estimators': 200}",0.9157894736842105,0.0,"[0 0 0 0 0 0 0 0 0 0 0 0 0 0 0 0 0 0 0 0 0 0 0 0 0 0 0 0 0 0 0 0 0 0 0 0 0
 0 0 0 0 0 0 0 0 0 0 0 0 0 0 0 0 0 0 0 0 0 0 0 0 0 0 0 0 0 0 0 0 0 0 0 0 0
 0 0 0 0 0 0 0 0 0 0 0 0 0 0 0 0 0 0 0 0 0]"
"[3, 5, 7, 9, 10, 11, 14, 17, 18, 25, 29, 31, 32, 34, 37, 38, 39, 40, 41, 42, 44, 48, 52, 53, 54, 57, 58, 60, 63, 66, 67, 72, 73, 80, 82, 83, 87, 88, 90, 92, 94, 96, 99, 100, 101, 105, 111, 112, 115, 116, 118, 119, 123, 125, 129, 131, 136, 139, 140, 141, 142, 144, 146, 148, 149, 152, 153, 156, 157, 158, 162, 165, 167, 168, 169, 172, 176, 177, 178, 187, 190, 191, 192, 193, 197, 198, 200, 201, 202, 203, 204, 205, 206, 207, 208, 210, 211, 212, 216, 217, 218, 221, 222, 227, 229, 230, 231, 232, 233, 234, 235, 236, 238, 239, 240, 241, 243, 247, 248, 250, 251, 252, 253, 256, 257, 259, 261, 264, 265, 268, 269, 271, 272, 273, 275, 276, 279, 280, 282, 283, 286, 288, 289, 294, 295, 296, 297, 298, 300, 302, 304, 305, 306, 308, 309, 310, 313, 314, 315, 321, 322, 333, 339, 341, 344, 347, 350, 351, 353, 355, 357, 361, 362, 363, 365, 366, 367, 368, 370, 371, 372, 373, 374, 375, 378, 380, 382, 383, 384, 385, 386, 387, 388, 389, 392, 393, 399, 401, 402, 404, 405, 406, 408, 412, 414, 418, 419, 420, 421, 424, 426, 428, 429, 431, 432, 434, 435, 438, 439, 440, 442, 443, 445, 447, 449, 451, 452, 453, 454, 455, 456, 458, 459, 460, 461, 462, 472, 474, 476, 479, 480, 481, 482, 483, 485, 487, 488, 490, 491, 492, 495, 500, 501, 503, 510, 511, 512, 513, 514, 515, 517, 520, 521, 523, 526, 527, 528, 531, 532, 534, 535, 538, 539, 540, 541, 542, 543, 544, 545, 547, 548, 555, 566, 567, 571, 572, 573, 575, 581, 582, 586, 587, 589, 591, 594, 596, 597, 598, 599, 601, 602, 603, 604, 606, 609, 612, 615, 618, 620, 626, 628, 632, 635, 638, 640, 642, 643, 646, 647, 649, 650, 652, 654, 655, 656, 658, 661, 662, 663, 675, 685, 687, 688, 692, 694, 697, 700, 707, 714, 720, 721, 727, 732, 735, 748, 749, 751, 752, 757, 759, 762, 765, 774, 775, 777, 781, 786, 789, 797, 803, 804, 806, 808, 812, 813, 818, 819, 830, 832, 834, 835, 836, 840, 842, 844, 845, 848, 853, 864, 870, 875, 886, 887, 888, 894, 896, 899, 906, 907, 908, 917, 925, 938, 950, 961, 965, 972, 979, 990, 994, 995, 1005, 1008, 1014, 1017, 1018, 1020, 1022, 1025, 1030, 1032, 1035, 1036, 1040, 1048, 1056, 1058, 1062, 1073, 1083, 1088, 1091, 1093, 1094, 1099, 1102, 1113, 1115, 1116, 1125, 1137, 1138, 1139, 1141, 1142, 1151, 1163, 1170, 1174, 1182, 1188, 1192, 1195, 1196, 1199, 1204, 1206, 1207, 1215, 1218, 1221, 1225, 1227, 1228, 1230, 1241, 1247]",CAD,"{'gamma': 0.1, 'learning_rate': 0.01, 'max_depth': 7, 'min_child_weight': 1, 'n_estimators': 100}",0.5217391304347826,0.6507936507936508,"[1 0 1 1 0 1 1 1 1 1 1 0 1 1 0 0 1 1 1 1 1 1 1 1 1 0 1 1 1 1 0 1 0 1 1 1 1
 1 1 0 1 1 1 1 1 1 1 1 1 1 1 1 1 1 0 1 0 1 0 0 1 1 1 1 1 0 1 1 1 1 1 0 1 1
 0 1 1 1 1 1 1 1 1 0 0 1 1 1 1 1 1 0]"
"[3, 7, 8, 12, 14, 17, 18, 25, 31, 32, 33, 37, 38, 40, 41, 42, 43, 44, 48, 53, 54, 57, 58, 60, 63, 66, 72, 73, 80, 82, 83, 87, 88, 90, 92, 94, 96, 99, 100, 101, 110, 111, 112, 115, 116, 117, 118, 119, 123, 124, 129, 131, 136, 139, 140, 141, 142, 143, 144, 146, 148, 149, 152, 153, 156, 157, 158, 162, 165, 167, 168, 169, 171, 172, 173, 174, 176, 177, 178, 179, 183, 187, 191, 192, 193, 197, 198, 200, 201, 202, 203, 204, 205, 206, 207, 208, 210, 211, 212, 216, 217, 218, 219, 221, 222, 229, 230, 231, 232, 233, 235, 236, 238, 239, 240, 241, 243, 247, 248, 250, 252, 253, 257, 259, 261, 265, 269, 272, 273, 275, 276, 279, 280, 282, 283, 286, 288, 289, 294, 295, 296, 297, 298, 300, 302, 306, 308, 309, 310, 313, 315, 317, 322, 323, 324, 333, 339, 341, 344, 349, 351, 353, 355, 357, 361, 362, 363, 366, 367, 368, 370, 371, 372, 373, 374, 375, 378, 380, 382, 385, 386, 387, 388, 392, 393, 395, 397, 399, 401, 402, 403, 404, 406, 409, 412, 414, 418, 419, 421, 424, 426, 428, 429, 431, 432, 435, 438, 439, 440, 442, 443, 445, 451, 452, 453, 454, 455, 456, 458, 459, 460, 461, 462, 472, 474, 476, 479, 480, 481, 482, 483, 485, 487, 488, 490, 491, 492, 495, 500, 501, 503, 510, 511, 512, 513, 514, 515, 517, 520, 521, 523, 525, 526, 527, 528, 531, 532, 534, 535, 538, 539, 540, 541, 542, 543, 545, 547, 548, 555, 566, 567, 572, 573, 575, 579, 581, 582, 589, 591, 593, 594, 596, 597, 599, 601, 602, 604, 606, 612, 615, 620, 623, 626, 628, 629, 632, 635, 638, 640, 642, 643, 646, 647, 650, 653, 654, 655, 656, 658, 661, 662, 663, 668, 675, 685, 687, 688, 692, 694, 697, 707, 710, 714, 720, 721, 727, 732, 735, 749, 751, 752, 759, 761, 762, 764, 765, 773, 774, 775, 777, 786, 789, 790, 803, 804, 806, 812, 813, 818, 832, 834, 836, 839, 842, 844, 845, 848, 853, 864, 870, 886, 888, 894, 896, 899, 906, 907, 908, 917, 925, 938, 950, 961, 962, 965, 970, 972, 990, 994, 1005, 1008, 1014, 1017, 1018, 1020, 1022, 1025, 1030, 1032, 1035, 1036, 1040, 1048, 1056, 1073, 1074, 1083, 1088, 1093, 1094, 1099, 1102, 1107, 1113, 1115, 1116, 1125, 1137, 1138, 1140, 1141, 1142, 1151, 1163, 1170, 1174, 1182, 1188, 1192, 1195, 1196, 1199, 1204, 1206, 1215, 1221, 1224, 1225, 1227, 1228, 1230, 1231, 1241, 1247]",CHF,"{'gamma': 0, 'learning_rate': 0.2, 'max_depth': 3, 'min_child_weight': 3, 'n_estimators': 50}",0.6091954022988506,0.575,"[1 1 1 0 1 1 1 0 1 0 1 0 1 1 0 0 0 0 1 1 0 1 1 1 1 0 1 0 0 1 1 0 0 1 0 0 0
 0 0 0 0 0 1 1 0 1 1 0 0 0 0 1 1 0 0 1 0 0 1 0 1 1 0 0 1 1 0 0 0 0 1 1 0 1
 1 1 1 1 0 0 1 0 1 1 0 1 0]"
"[3, 5, 7, 8, 9, 10, 11, 12, 14, 17, 18, 25, 29, 31, 32, 33, 34, 37, 38, 39, 40, 41, 42, 43, 44, 52, 53, 54, 57, 58, 60, 63, 66, 67, 72, 73, 80, 82, 83, 87, 88, 90, 92, 94, 96, 100, 105, 110, 111, 112, 115, 116, 117, 118, 119, 122, 123, 124, 125, 129, 131, 136, 139, 141, 142, 143, 144, 146, 148, 149, 152, 153, 156, 157, 158, 162, 165, 167, 168, 169, 171, 172, 174, 176, 177, 178, 179, 183, 185, 187, 190, 191, 192, 193, 197, 198, 200, 201, 202, 203, 204, 205, 206, 207, 208, 210, 211, 212, 213, 216, 217, 218, 219, 221, 222, 227, 229, 230, 231, 232, 233, 234, 235, 236, 238, 239, 240, 241, 243, 247, 250, 251, 252, 253, 256, 257, 259, 261, 264, 265, 268, 269, 271, 272, 273, 275, 276, 279, 280, 282, 283, 286, 288, 289, 294, 295, 296, 298, 300, 302, 304, 305, 306, 308, 309, 310, 313, 314, 315, 317, 321, 322, 324, 326, 333, 339, 341, 344, 347, 349, 350, 351, 353, 355, 357, 363, 365, 366, 367, 368, 370, 371, 372, 373, 374, 375, 378, 380, 382, 383, 384, 385, 386, 387, 388, 389, 392, 393, 395, 397, 399, 401, 402, 403, 404, 405, 406, 408, 409, 412, 418, 419, 420, 421, 424, 426, 428, 429, 431, 432, 435, 438, 439, 440, 442, 443, 445, 447, 449, 451, 452, 453, 454, 455, 456, 458, 459, 460, 461, 462, 471, 472, 474, 476, 479, 480, 481, 482, 483, 485, 487, 488, 490, 491, 492, 495, 500, 501, 503, 510, 512, 513, 515, 517, 520, 521, 523, 525, 526, 527, 528, 531, 532, 534, 535, 538, 541, 542, 543, 544, 545, 547, 555, 566, 567, 571, 573, 575, 579, 581, 582, 586, 587, 589, 591, 593, 594, 596, 597, 598, 599, 601, 602, 603, 604, 606, 609, 612, 615, 618, 620, 623, 626, 628, 632, 635, 638, 640, 642, 643, 646, 647, 649, 650, 652, 653, 654, 655, 656, 658, 661, 662, 663, 668, 675, 685, 687, 688, 690, 692, 694, 697, 700, 707, 710, 714, 717, 720, 721, 727, 732, 735, 748, 749, 751, 752, 757, 759, 761, 762, 764, 765, 773, 774, 775, 777, 781, 786, 789, 790, 797, 803, 804, 806, 808, 812, 813, 818, 819, 830, 832, 834, 835, 836, 839, 842, 844, 845, 848, 853, 864, 875, 887, 888, 894, 896, 899, 906, 907, 908, 917, 925, 938, 950, 961, 962, 965, 970, 972, 979, 990, 994, 995, 1005, 1014, 1017, 1018, 1022, 1025, 1030, 1032, 1035, 1036, 1040, 1048, 1056, 1058, 1062, 1073, 1083, 1088, 1091, 1093, 1094, 1099, 1102, 1107, 1115, 1116, 1125, 1137, 1138, 1140, 1141, 1142, 1151, 1163, 1170, 1174, 1182, 1188, 1195, 1196, 1199, 1204, 1206, 1207, 1215, 1221, 1224, 1225, 1227, 1228, 1230, 1231, 1241, 1247]",Depression,"{'gamma': 0, 'learning_rate': 0.01, 'max_depth': 3, 'min_child_weight': 3, 'n_estimators': 200}",0.8229166666666666,0.0,"[0 0 0 0 0 0 0 0 0 0 0 0 0 0 0 0 0 0 0 0 0 0 0 0 0 0 0 0 0 0 0 0 0 0 0 0 0
 0 0 0 0 0 0 0 0 0 0 0 0 0 0 0 0 0 0 0 0 0 0 0 0 0 0 0 0 0 0 0 0 0 0 0 0 0
 0 0 0 0 0 0 0 0 0 0 0 0 0 0 0 0 0 0 0 0 0 0]"
"[3, 5, 7, 8, 9, 10, 11, 12, 14, 17, 18, 25, 29, 31, 32, 34, 37, 38, 40, 41, 42, 44, 48, 53, 54, 57, 58, 60, 63, 67, 72, 73, 80, 82, 83, 87, 88, 90, 94, 96, 99, 100, 101, 105, 110, 111, 112, 115, 116, 117, 118, 119, 122, 123, 124, 125, 129, 131, 136, 139, 140, 141, 142, 143, 144, 146, 148, 149, 152, 153, 156, 157, 158, 162, 165, 167, 168, 169, 171, 172, 173, 174, 176, 177, 178, 179, 183, 185, 187, 190, 191, 192, 193, 197, 200, 201, 202, 203, 204, 205, 206, 208, 210, 211, 212, 213, 216, 217, 218, 219, 221, 227, 229, 230, 231, 232, 233, 234, 235, 236, 238, 239, 240, 241, 243, 247, 248, 250, 251, 252, 253, 256, 257, 259, 261, 264, 265, 268, 269, 271, 272, 273, 276, 279, 280, 282, 283, 286, 288, 289, 294, 295, 296, 297, 298, 300, 302, 304, 306, 308, 309, 310, 313, 314, 315, 317, 321, 322, 323, 324, 326, 333, 339, 341, 344, 347, 349, 350, 351, 353, 355, 357, 361, 362, 363, 365, 367, 368, 370, 371, 372, 373, 374, 378, 382, 383, 384, 385, 386, 387, 388, 389, 392, 393, 395, 397, 399, 401, 402, 403, 405, 406, 408, 409, 412, 414, 418, 419, 420, 421, 424, 426, 428, 429, 431, 432, 434, 435, 438, 439, 440, 442, 443, 445, 447, 449, 451, 452, 453, 454, 455, 456, 458, 459, 460, 461, 462, 471, 472, 474, 476, 479, 480, 481, 482, 483, 485, 487, 488, 490, 491, 492, 495, 500, 501, 503, 510, 511, 512, 513, 514, 515, 517, 520, 521, 523, 525, 526, 527, 531, 532, 534, 535, 538, 539, 540, 542, 543, 544, 545, 547, 548, 555, 566, 567, 571, 572, 573, 575, 579, 581, 582, 586, 587, 589, 591, 593, 594, 596, 597, 598, 599, 602, 603, 604, 606, 609, 612, 615, 618, 620, 623, 626, 628, 629, 632, 635, 638, 642, 643, 646, 647, 649, 652, 653, 654, 655, 656, 658, 662, 663, 668, 675, 685, 687, 688, 690, 692, 694, 697, 700, 707, 710, 714, 720, 721, 727, 732, 735, 748, 749, 751, 752, 757, 759, 761, 764, 765, 773, 774, 775, 777, 781, 786, 789, 790, 797, 803, 804, 806, 812, 813, 818, 819, 830, 832, 834, 835, 836, 839, 840, 842, 844, 845, 848, 853, 864, 875, 886, 888, 894, 896, 899, 906, 907, 908, 917, 925, 938, 950, 961, 962, 965, 970, 972, 979, 994, 995, 1005, 1008, 1014, 1015, 1017, 1018, 1020, 1022, 1025, 1030, 1032, 1035, 1036, 1040, 1048, 1056, 1058, 1062, 1073, 1074, 1083, 1088, 1091, 1093, 1094, 1099, 1102, 1107, 1113, 1116, 1125, 1137, 1138, 1139, 1140, 1141, 1142, 1151, 1163, 1170, 1174, 1182, 1188, 1192, 1195, 1196, 1199, 1204, 1206, 1207, 1215, 1218, 1221, 1224, 1225, 1227, 1228, 1230, 1231, 1241, 1247]",Diabetes,"{'gamma': 0, 'learning_rate': 0.01, 'max_depth': 3, 'min_child_weight': 3, 'n_estimators': 200}",0.7395833333333334,0.8407643312101911,"[1 1 0 1 1 1 1 1 1 0 1 1 1 1 1 0 1 1 1 1 1 1 1 1 1 1 0 1 1 1 1 1 1 1 0 1 1
 1 1 1 1 1 1 1 1 1 1 1 1 1 1 1 1 1 1 1 1 0 1 1 1 1 1 1 1 0 1 1 1 1 1 0 1 1
 1 1 1 1 1 1 1 1 0 1 1 1 1 1 0 0 1 1 1 1 1 1]"
"[3, 5, 7, 8, 9, 10, 11, 12, 14, 17, 25, 29, 31, 32, 33, 34, 37, 38, 39, 40, 41, 42, 43, 44, 48, 52, 53, 54, 57, 58, 60, 63, 66, 67, 72, 73, 80, 82, 83, 87, 88, 90, 92, 94, 96, 99, 100, 101, 105, 110, 111, 112, 115, 116, 117, 118, 119, 122, 123, 124, 125, 129, 131, 136, 139, 140, 141, 142, 143, 144, 146, 148, 149, 152, 153, 156, 157, 158, 162, 165, 167, 168, 169, 171, 172, 173, 174, 176, 177, 178, 179, 183, 185, 187, 190, 191, 192, 193, 197, 198, 200, 201, 202, 203, 204, 205, 206, 207, 208, 210, 211, 212, 216, 217, 218, 219, 221, 222, 227, 229, 230, 232, 233, 234, 235, 236, 238, 239, 240, 241, 243, 247, 248, 250, 251, 252, 253, 256, 257, 259, 261, 264, 265, 268, 269, 271, 272, 273, 275, 276, 279, 280, 282, 283, 286, 288, 289, 294, 295, 296, 297, 298, 300, 302, 304, 305, 306, 308, 309, 310, 314, 315, 317, 321, 322, 323, 324, 326, 339, 341, 344, 347, 349, 350, 351, 353, 355, 357, 361, 362, 363, 365, 366, 367, 368, 370, 371, 372, 373, 374, 375, 378, 380, 382, 383, 384, 385, 386, 387, 388, 389, 392, 393, 395, 397, 399, 402, 403, 404, 405, 406, 408, 409, 412, 414, 418, 419, 420, 421, 424, 426, 428, 429, 431, 432, 434, 435, 439, 440, 442, 443, 445, 447, 449, 451, 452, 453, 454, 455, 456, 458, 459, 460, 461, 462, 471, 472, 474, 476, 479, 480, 481, 482, 483, 485, 487, 488, 490, 491, 492, 495, 500, 501, 503, 510, 511, 512, 513, 514, 515, 517, 520, 521, 523, 525, 526, 527, 528, 532, 535, 538, 539, 541, 542, 543, 544, 545, 547, 548, 555, 566, 567, 571, 573, 575, 579, 581, 582, 586, 587, 589, 591, 593, 594, 596, 597, 598, 601, 602, 603, 604, 606, 609, 612, 615, 618, 620, 623, 626, 628, 629, 632, 635, 638, 640, 642, 643, 646, 647, 649, 650, 652, 653, 654, 655, 656, 658, 661, 662, 663, 675, 685, 687, 688, 690, 692, 694, 697, 700, 707, 710, 714, 717, 720, 721, 727, 732, 735, 748, 749, 751, 752, 757, 759, 761, 762, 764, 765, 773, 774, 775, 777, 781, 786, 789, 797, 803, 804, 806, 808, 812, 813, 819, 830, 832, 834, 835, 836, 839, 840, 842, 844, 845, 848, 853, 870, 875, 886, 887, 888, 894, 896, 899, 906, 907, 908, 917, 925, 938, 950, 961, 962, 965, 970, 972, 979, 990, 994, 995, 1005, 1008, 1014, 1015, 1017, 1018, 1020, 1022, 1025, 1030, 1032, 1035, 1036, 1040, 1048, 1056, 1058, 1062, 1073, 1074, 1083, 1088, 1091, 1093, 1094, 1099, 1102, 1107, 1113, 1115, 1116, 1125, 1137, 1138, 1139, 1140, 1141, 1142, 1151, 1163, 1170, 1174, 1182, 1188, 1192, 1195, 1196, 1199, 1204, 1206, 1207, 1215, 1218, 1221, 1224, 1225, 1227, 1228, 1230, 1231, 1241, 1247]",Gallstones,"{'gamma': 0, 'learning_rate': 0.01, 'max_depth': 3, 'min_child_weight': 3, 'n_estimators': 50}",0.8585858585858586,0.0,"[0 0 0 0 0 0 0 0 0 0 0 0 0 0 0 0 0 0 0 0 0 0 0 0 0 0 0 0 0 0 0 0 0 0 0 0 0
 0 0 0 0 0 0 0 0 0 0 0 0 0 0 0 0 0 1 0 0 0 0 0 0 0 0 0 0 0 0 0 0 0 0 0 0 0
 0 0 0 0 0 0 0 0 0 0 0 0 0 0 0 0 0 0 0 0 0 0 0 0 0]"
"[3, 7, 8, 9, 11, 12, 14, 17, 18, 25, 29, 31, 32, 33, 34, 37, 38, 39, 40, 41, 42, 43, 44, 52, 53, 54, 57, 58, 60, 63, 66, 67, 72, 73, 82, 83, 88, 90, 94, 96, 99, 100, 101, 105, 111, 112, 115, 116, 117, 118, 119, 122, 123, 124, 125, 129, 131, 136, 139, 140, 142, 143, 144, 146, 148, 149, 152, 156, 157, 158, 162, 165, 167, 168, 169, 172, 174, 176, 177, 178, 179, 183, 185, 187, 190, 191, 197, 198, 200, 201, 202, 203, 204, 206, 207, 213, 216, 217, 218, 219, 221, 222, 227, 229, 230, 231, 232, 233, 234, 235, 238, 239, 240, 241, 243, 248, 250, 251, 252, 253, 256, 257, 259, 261, 264, 265, 268, 269, 271, 272, 273, 275, 276, 279, 280, 282, 283, 286, 288, 289, 294, 295, 296, 297, 298, 300, 302, 304, 306, 308, 310, 313, 314, 315, 321, 323, 324, 326, 333, 341, 344, 347, 349, 350, 351, 353, 355, 357, 361, 362, 363, 365, 366, 367, 368, 370, 371, 372, 373, 374, 378, 380, 382, 383, 384, 385, 386, 387, 388, 389, 393, 395, 399, 401, 402, 403, 405, 406, 409, 412, 414, 418, 419, 420, 421, 426, 428, 429, 432, 434, 435, 438, 439, 440, 445, 447, 449, 451, 452, 454, 455, 456, 458, 460, 461, 462, 472, 474, 479, 480, 481, 482, 483, 485, 487, 488, 490, 491, 492, 495, 500, 501, 510, 512, 514, 515, 517, 520, 521, 523, 526, 527, 528, 531, 532, 534, 535, 538, 539, 540, 541, 542, 543, 544, 545, 547, 548, 555, 566, 567, 572, 573, 575, 579, 581, 582, 586, 587, 589, 591, 593, 594, 596, 597, 598, 599, 601, 602, 603, 604, 606, 609, 612, 615, 618, 620, 623, 626, 628, 632, 635, 638, 640, 642, 643, 646, 647, 649, 652, 653, 654, 655, 656, 658, 661, 662, 663, 685, 687, 688, 692, 694, 700, 707, 714, 717, 721, 727, 735, 749, 751, 757, 759, 761, 762, 765, 773, 774, 775, 777, 781, 786, 789, 790, 797, 806, 808, 812, 813, 819, 832, 834, 835, 836, 840, 842, 844, 845, 848, 853, 870, 875, 886, 887, 888, 894, 899, 906, 907, 908, 938, 950, 961, 962, 970, 972, 979, 990, 994, 995, 1005, 1015, 1017, 1018, 1020, 1022, 1025, 1030, 1032, 1036, 1040, 1056, 1062, 1074, 1083, 1088, 1091, 1093, 1094, 1107, 1113, 1115, 1116, 1137, 1138, 1139, 1140, 1141, 1174, 1182, 1188, 1192, 1195, 1199, 1206, 1215, 1218, 1221, 1225, 1227, 1228, 1230, 1241, 1247]",GERD,"{'gamma': 0, 'learning_rate': 0.01, 'max_depth': 3, 'min_child_weight': 5, 'n_estimators': 100}",0.7294117647058823,0.0,"[0 0 0 0 0 0 0 0 0 0 0 0 0 0 0 0 0 0 0 0 0 0 0 0 0 0 0 0 0 0 0 0 0 0 0 0 0
 0 0 0 0 0 0 0 0 0 0 0 0 0 0 0 0 0 0 0 0 0 0 0 0 0 0 0 0 0 0 0 0 0 0 0 0 0
 0 0 0 0 0 0 0 0 0 0 0]"
"[3, 5, 7, 8, 9, 10, 11, 12, 14, 17, 18, 25, 29, 31, 32, 33, 34, 37, 38, 39, 40, 41, 42, 43, 44, 48, 52, 53, 54, 57, 58, 60, 63, 66, 67, 72, 73, 80, 82, 83, 87, 88, 90, 92, 94, 96, 99, 100, 101, 105, 110, 111, 112, 115, 116, 117, 118, 119, 122, 123, 124, 125, 129, 131, 136, 139, 140, 141, 142, 143, 146, 148, 149, 152, 153, 156, 157, 158, 162, 167, 168, 169, 171, 172, 173, 174, 176, 177, 178, 179, 183, 185, 187, 190, 191, 192, 193, 197, 198, 200, 201, 202, 203, 204, 205, 206, 207, 208, 210, 211, 212, 213, 216, 217, 218, 219, 221, 222, 227, 229, 230, 231, 232, 233, 234, 235, 236, 238, 239, 240, 241, 243, 247, 248, 250, 251, 252, 253, 256, 257, 259, 261, 264, 265, 268, 269, 271, 272, 273, 275, 276, 279, 280, 282, 283, 286, 288, 289, 294, 295, 296, 297, 298, 300, 302, 304, 305, 306, 308, 309, 310, 313, 314, 315, 317, 321, 322, 323, 324, 333, 339, 341, 344, 347, 349, 350, 351, 353, 355, 357, 361, 362, 363, 365, 366, 367, 368, 370, 371, 372, 373, 374, 375, 378, 380, 382, 383, 384, 385, 386, 387, 388, 389, 392, 393, 395, 397, 399, 401, 402, 403, 404, 405, 406, 408, 412, 414, 418, 419, 420, 421, 424, 426, 428, 429, 431, 432, 434, 435, 438, 439, 440, 442, 443, 445, 447, 449, 451, 452, 453, 454, 455, 456, 458, 459, 460, 461, 462, 471, 472, 474, 476, 479, 480, 481, 482, 483, 485, 487, 488, 490, 491, 492, 495, 500, 501, 503, 510, 511, 512, 513, 514, 515, 517, 520, 521, 523, 525, 526, 527, 528, 531, 532, 534, 535, 539, 540, 541, 542, 543, 544, 545, 547, 548, 555, 566, 567, 571, 572, 573, 575, 579, 581, 582, 586, 587, 589, 591, 593, 594, 596, 597, 598, 599, 601, 602, 603, 604, 606, 609, 612, 615, 618, 620, 623, 626, 628, 629, 632, 635, 638, 640, 642, 643, 646, 647, 649, 650, 652, 653, 654, 656, 658, 661, 662, 663, 668, 675, 685, 687, 688, 690, 692, 694, 697, 700, 707, 710, 714, 717, 720, 721, 727, 732, 735, 748, 749, 751, 752, 757, 759, 761, 762, 764, 765, 773, 774, 775, 777, 781, 786, 789, 790, 797, 803, 804, 806, 808, 812, 813, 818, 819, 830, 832, 834, 835, 836, 839, 840, 842, 844, 845, 848, 853, 864, 870, 875, 886, 887, 888, 894, 896, 899, 906, 907, 908, 917, 925, 938, 950, 961, 962, 965, 970, 972, 979, 990, 994, 995, 1005, 1008, 1014, 1015, 1017, 1018, 1020, 1022, 1025, 1030, 1032, 1035, 1036, 1040, 1048, 1056, 1058, 1062, 1073, 1074, 1083, 1088, 1091, 1093, 1094, 1099, 1102, 1107, 1113, 1115, 1116, 1125, 1137, 1138, 1139, 1140, 1141, 1142, 1151, 1163, 1170, 1174, 1182, 1188, 1192, 1195, 1196, 1199, 1204, 1206, 1207, 1218, 1221, 1224, 1225, 1227, 1228, 1230, 1231, 1241, 1247]",Gout,"{'gamma': 0, 'learning_rate': 0.01, 'max_depth': 3, 'min_child_weight': 1, 'n_estimators': 50}",0.87,0.0,"[0 0 0 0 0 0 0 0 0 0 0 0 0 0 0 0 0 0 0 0 0 0 0 0 0 0 0 0 0 0 0 0 0 0 0 0 0
 0 0 0 0 0 0 0 0 0 0 0 0 0 0 0 0 0 0 0 0 0 0 0 0 0 0 0 0 0 0 0 0 0 0 0 0 0
 0 0 0 0 0 0 0 0 0 0 0 0 0 0 0 0 0 0 0 0 0 0 0 0 0 0]"
"[3, 5, 7, 8, 9, 10, 11, 12, 17, 18, 25, 29, 31, 32, 33, 34, 37, 38, 39, 40, 41, 42, 44, 48, 52, 53, 54, 58, 60, 63, 66, 67, 72, 73, 80, 82, 83, 87, 88, 90, 92, 94, 96, 100, 101, 105, 110, 111, 112, 115, 116, 117, 118, 119, 123, 124, 125, 129, 131, 136, 139, 140, 141, 143, 144, 146, 148, 149, 153, 156, 158, 165, 167, 168, 169, 172, 173, 174, 176, 177, 178, 179, 183, 185, 187, 191, 192, 193, 197, 198, 200, 201, 203, 204, 207, 210, 211, 212, 213, 216, 217, 218, 219, 221, 222, 227, 229, 230, 231, 235, 236, 238, 239, 240, 241, 243, 247, 248, 250, 251, 252, 253, 256, 257, 261, 264, 268, 269, 271, 272, 273, 275, 276, 279, 280, 282, 283, 286, 288, 295, 296, 298, 300, 302, 305, 308, 310, 313, 317, 321, 322, 323, 324, 326, 333, 341, 344, 347, 349, 350, 351, 355, 357, 361, 362, 363, 365, 366, 367, 368, 371, 372, 373, 374, 378, 382, 383, 384, 385, 387, 388, 392, 393, 395, 397, 399, 401, 402, 403, 404, 405, 406, 408, 409, 412, 418, 419, 420, 421, 424, 426, 428, 429, 431, 434, 435, 438, 440, 442, 443, 449, 451, 453, 454, 455, 456, 458, 459, 460, 461, 462, 472, 474, 476, 479, 480, 481, 482, 483, 485, 487, 488, 490, 492, 495, 500, 510, 511, 512, 513, 514, 517, 520, 521, 525, 526, 527, 528, 531, 532, 535, 538, 539, 540, 541, 542, 543, 544, 545, 547, 548, 555, 566, 567, 571, 572, 573, 575, 579, 582, 586, 589, 591, 593, 594, 599, 601, 603, 604, 606, 612, 615, 618, 620, 623, 626, 628, 629, 632, 635, 638, 640, 642, 643, 647, 649, 650, 652, 654, 655, 656, 658, 661, 662, 663, 668, 675, 685, 687, 688, 692, 694, 697, 700, 707, 710, 714, 717, 720, 721, 727, 732, 735, 748, 749, 751, 757, 759, 761, 762, 764, 774, 777, 781, 790, 797, 803, 804, 806, 808, 812, 813, 818, 819, 830, 832, 834, 835, 836, 839, 842, 844, 845, 848, 853, 864, 870, 875, 886, 887, 888, 894, 896, 899, 906, 907, 917, 925, 938, 950, 961, 962, 965, 970, 972, 994, 1005, 1008, 1014, 1015, 1017, 1020, 1022, 1025, 1030, 1032, 1040, 1056, 1058, 1062, 1073, 1074, 1083, 1088, 1093, 1094, 1099, 1102, 1107, 1113, 1115, 1116, 1125, 1137, 1138, 1139, 1140, 1141, 1142, 1151, 1163, 1174, 1182, 1188, 1192, 1195, 1196, 1199, 1204, 1206, 1215, 1218, 1221, 1224, 1225, 1227, 1228, 1230, 1231, 1241, 1247]",Hypercholesterolemia,"{'gamma': 0.1, 'learning_rate': 0.01, 'max_depth': 5, 'min_child_weight': 1, 'n_estimators': 200}",0.5172413793103449,0.5714285714285715,"[0 1 0 0 0 1 0 1 1 1 1 1 1 0 0 0 0 0 1 1 0 1 0 0 0 1 1 1 1 0 0 1 1 1 1 0 1
 0 1 1 1 0 0 0 0 1 1 0 1 1 1 0 1 1 1 0 0 0 1 1 0 1 1 0 1 0 0 0 0 1 1 0 0 0
 0 1 0 0 1 1 0 0 1 0 0 0 0]"
"[3, 5, 7, 9, 10, 11, 12, 14, 17, 18, 25, 29, 31, 32, 33, 37, 38, 39, 40, 41, 42, 44, 48, 53, 54, 57, 58, 60, 63, 66, 67, 72, 73, 80, 82, 83, 87, 88, 90, 92, 94, 99, 101, 110, 111, 112, 115, 116, 117, 118, 119, 122, 125, 129, 131, 139, 140, 141, 142, 143, 144, 146, 148, 149, 153, 156, 157, 158, 162, 165, 167, 168, 169, 171, 172, 173, 174, 176, 177, 178, 179, 183, 185, 187, 191, 193, 197, 198, 200, 201, 202, 203, 204, 205, 206, 207, 208, 212, 213, 216, 217, 219, 222, 227, 230, 231, 233, 235, 236, 238, 239, 240, 241, 243, 247, 248, 250, 251, 252, 253, 256, 257, 259, 261, 265, 268, 269, 271, 272, 273, 275, 276, 280, 282, 286, 288, 289, 294, 295, 296, 297, 298, 300, 304, 305, 306, 308, 309, 310, 313, 314, 315, 317, 321, 322, 323, 326, 333, 339, 341, 344, 347, 349, 350, 351, 355, 357, 361, 362, 363, 365, 366, 367, 368, 370, 371, 372, 373, 374, 375, 378, 380, 382, 383, 385, 387, 388, 389, 392, 393, 397, 399, 401, 402, 403, 404, 405, 406, 408, 409, 412, 418, 419, 420, 424, 426, 428, 429, 431, 435, 438, 439, 440, 442, 443, 445, 447, 449, 451, 452, 454, 455, 456, 458, 459, 460, 461, 462, 471, 472, 474, 476, 479, 480, 481, 482, 483, 485, 487, 488, 490, 491, 492, 495, 500, 503, 510, 511, 512, 513, 514, 515, 517, 520, 521, 523, 526, 527, 528, 531, 532, 534, 535, 538, 539, 541, 542, 543, 544, 545, 547, 548, 566, 567, 571, 572, 575, 579, 581, 582, 586, 587, 589, 591, 594, 596, 597, 598, 599, 601, 603, 606, 609, 612, 615, 618, 620, 623, 626, 628, 629, 632, 635, 638, 642, 643, 646, 649, 650, 652, 653, 655, 656, 658, 661, 662, 663, 668, 675, 685, 687, 688, 690, 692, 697, 700, 707, 714, 717, 720, 727, 735, 748, 749, 751, 752, 757, 759, 761, 762, 764, 765, 773, 774, 775, 777, 781, 786, 789, 790, 797, 803, 804, 806, 812, 813, 818, 819, 830, 832, 834, 835, 836, 839, 840, 842, 844, 845, 848, 853, 864, 870, 875, 886, 887, 888, 894, 896, 899, 906, 907, 908, 917, 938, 950, 961, 962, 970, 972, 979, 994, 995, 1005, 1008, 1015, 1017, 1018, 1020, 1022, 1030, 1035, 1036, 1040, 1048, 1056, 1058, 1062, 1073, 1083, 1088, 1091, 1093, 1094, 1099, 1102, 1107, 1113, 1115, 1116, 1125, 1138, 1139, 1140, 1141, 1142, 1151, 1170, 1174, 1188, 1192, 1196, 1199, 1204, 1206, 1207, 1215, 1218, 1221, 1224, 1225, 1227, 1228, 1230, 1231, 1241, 1247]",Hypertension,"{'gamma': 0, 'learning_rate': 0.01, 'max_depth': 3, 'min_child_weight': 5, 'n_estimators': 100}",0.8222222222222222,0.9024390243902439,"[1 1 1 1 1 1 1 1 1 1 1 1 1 1 1 1 1 1 1 1 1 1 1 1 1 1 1 1 1 1 1 1 1 1 1 1 1
 1 1 1 1 1 1 1 1 1 1 1 1 1 1 1 1 1 1 1 1 1 1 1 1 1 1 1 1 1 1 1 1 1 1 1 1 1
 1 1 1 1 1 1 1 1 1 1 1 1 1 1 1 1]"
"[3, 7, 8, 9, 10, 11, 12, 17, 18, 25, 29, 31, 32, 33, 34, 37, 38, 39, 40, 41, 42, 43, 44, 48, 52, 53, 54, 57, 58, 60, 63, 66, 67, 72, 80, 82, 83, 87, 88, 90, 92, 94, 96, 100, 101, 105, 110, 111, 112, 115, 116, 117, 118, 122, 123, 124, 125, 129, 131, 136, 139, 140, 141, 142, 143, 144, 146, 148, 149, 152, 153, 156, 157, 158, 162, 165, 167, 168, 169, 171, 172, 173, 174, 176, 177, 178, 179, 183, 185, 187, 190, 191, 192, 193, 197, 198, 200, 201, 202, 203, 204, 205, 206, 207, 208, 210, 211, 212, 213, 216, 219, 221, 222, 227, 229, 230, 231, 232, 233, 234, 235, 238, 239, 240, 241, 243, 247, 250, 251, 252, 253, 256, 257, 259, 261, 264, 265, 268, 269, 271, 272, 273, 275, 276, 279, 280, 282, 283, 286, 288, 289, 294, 295, 296, 297, 298, 300, 302, 304, 305, 306, 308, 309, 310, 313, 314, 315, 317, 321, 322, 323, 324, 326, 333, 339, 341, 344, 347, 349, 350, 351, 353, 355, 357, 361, 362, 363, 365, 366, 367, 368, 370, 371, 372, 373, 374, 375, 378, 380, 382, 383, 384, 385, 386, 387, 388, 389, 392, 393, 395, 397, 399, 401, 402, 403, 404, 405, 406, 408, 409, 412, 414, 418, 419, 420, 421, 424, 426, 428, 429, 431, 432, 434, 435, 438, 439, 440, 442, 443, 445, 447, 449, 452, 453, 454, 455, 456, 458, 459, 460, 461, 462, 471, 472, 476, 479, 480, 481, 482, 483, 485, 487, 488, 490, 491, 492, 495, 500, 501, 503, 510, 511, 512, 513, 515, 517, 520, 521, 523, 525, 526, 527, 528, 532, 534, 535, 538, 539, 540, 541, 542, 543, 544, 545, 547, 548, 555, 566, 567, 571, 572, 573, 575, 579, 581, 582, 586, 587, 589, 591, 593, 594, 596, 597, 599, 601, 603, 604, 606, 609, 612, 615, 618, 620, 623, 626, 628, 629, 635, 638, 640, 642, 643, 646, 647, 649, 650, 652, 653, 654, 655, 656, 658, 661, 662, 663, 668, 675, 685, 687, 688, 690, 692, 694, 697, 700, 707, 714, 717, 720, 721, 727, 732, 735, 749, 751, 752, 757, 759, 761, 762, 764, 765, 773, 774, 775, 777, 781, 786, 789, 790, 797, 803, 804, 806, 808, 812, 813, 818, 819, 830, 832, 834, 835, 836, 839, 840, 842, 844, 845, 848, 853, 864, 870, 875, 886, 887, 894, 896, 899, 906, 907, 908, 917, 925, 938, 950, 961, 962, 965, 970, 972, 979, 990, 994, 995, 1005, 1014, 1015, 1017, 1018, 1020, 1022, 1025, 1030, 1032, 1035, 1036, 1040, 1048, 1056, 1058, 1062, 1073, 1074, 1083, 1088, 1091, 1093, 1094, 1099, 1102, 1107, 1113, 1115, 1125, 1137, 1138, 1139, 1140, 1141, 1142, 1151, 1163, 1170, 1174, 1182, 1188, 1192, 1195, 1196, 1199, 1204, 1206, 1207, 1215, 1218, 1221, 1224, 1225, 1227, 1228, 1230, 1231, 1241, 1247]",Hypertriglyceridemia,"{'gamma': 0, 'learning_rate': 0.01, 'max_depth': 3, 'min_child_weight': 1, 'n_estimators': 50}",0.9489795918367347,0.0,"[0 0 0 0 0 0 0 0 0 0 0 0 0 0 0 0 0 0 0 0 0 0 0 0 0 0 0 0 0 0 0 0 0 0 0 0 0
 0 0 0 0 0 0 0 0 0 0 0 0 0 0 0 0 0 0 0 1 0 0 0 0 0 0 0 0 0 0 0 0 0 0 0 0 0
 0 0 0 0 0 0 0 0 0 0 0 0 0 0 0 0 0 0 0 0 0 0 0 0]"
"[3, 5, 7, 8, 10, 11, 12, 14, 17, 18, 25, 29, 31, 32, 33, 34, 37, 38, 40, 41, 43, 44, 48, 52, 53, 54, 57, 58, 60, 63, 66, 67, 72, 73, 80, 83, 88, 90, 94, 96, 100, 101, 105, 110, 111, 112, 115, 116, 117, 118, 119, 122, 123, 124, 125, 129, 131, 136, 139, 140, 141, 142, 143, 144, 146, 148, 149, 152, 157, 158, 162, 165, 167, 168, 169, 171, 172, 173, 174, 177, 178, 183, 185, 187, 190, 191, 192, 193, 197, 198, 200, 201, 202, 203, 204, 205, 207, 208, 210, 211, 213, 216, 217, 218, 219, 221, 222, 227, 229, 230, 231, 232, 233, 235, 236, 238, 239, 240, 243, 247, 248, 250, 251, 252, 253, 256, 257, 259, 261, 264, 265, 268, 269, 271, 272, 273, 275, 276, 279, 280, 282, 283, 286, 288, 289, 294, 295, 296, 297, 298, 300, 304, 305, 306, 308, 309, 310, 314, 315, 317, 322, 323, 324, 326, 339, 344, 347, 349, 350, 351, 353, 355, 357, 361, 362, 363, 365, 366, 367, 368, 370, 371, 372, 373, 374, 375, 378, 380, 382, 383, 384, 385, 386, 387, 388, 389, 392, 393, 395, 397, 399, 401, 402, 403, 404, 405, 406, 408, 409, 412, 414, 418, 419, 420, 421, 424, 426, 428, 429, 431, 432, 434, 439, 440, 442, 443, 445, 447, 449, 451, 452, 453, 454, 456, 458, 459, 460, 461, 462, 471, 472, 474, 476, 480, 481, 482, 483, 485, 487, 488, 490, 491, 492, 495, 500, 501, 503, 510, 511, 512, 513, 514, 515, 517, 521, 523, 525, 526, 527, 528, 531, 532, 534, 535, 538, 539, 540, 542, 543, 544, 545, 548, 555, 566, 567, 571, 572, 573, 575, 579, 581, 582, 586, 587, 591, 593, 594, 596, 598, 599, 601, 602, 603, 604, 606, 615, 618, 620, 623, 626, 628, 629, 632, 635, 638, 640, 642, 643, 646, 647, 649, 650, 652, 653, 654, 655, 656, 661, 662, 663, 675, 685, 687, 688, 690, 692, 694, 697, 700, 707, 710, 714, 717, 720, 721, 732, 735, 749, 751, 752, 757, 759, 761, 762, 764, 765, 774, 775, 777, 781, 786, 790, 803, 804, 806, 808, 812, 813, 818, 819, 830, 832, 834, 835, 836, 840, 844, 848, 853, 864, 870, 875, 886, 887, 888, 894, 896, 899, 906, 908, 917, 925, 938, 950, 961, 962, 965, 970, 972, 979, 990, 994, 995, 1008, 1015, 1017, 1018, 1020, 1022, 1025, 1030, 1032, 1035, 1036, 1048, 1056, 1058, 1062, 1073, 1074, 1083, 1088, 1091, 1093, 1094, 1102, 1107, 1113, 1115, 1116, 1125, 1137, 1138, 1139, 1140, 1141, 1142, 1151, 1163, 1170, 1174, 1182, 1188, 1192, 1195, 1199, 1204, 1207, 1215, 1218, 1221, 1224, 1225, 1228, 1230, 1231, 1241, 1247]",OA,"{'gamma': 0, 'learning_rate': 0.1, 'max_depth': 7, 'min_child_weight': 5, 'n_estimators': 50}",0.7608695652173914,0.15384615384615385,"[0 0 0 0 0 0 0 0 0 1 0 0 0 0 0 0 0 0 0 0 0 0 0 0 0 0 0 0 0 0 1 0 0 0 0 0 0
 0 0 0 0 0 0 0 0 0 0 0 0 0 1 0 0 0 0 1 0 0 0 0 0 0 0 0 0 0 0 0 0 0 0 0 0 0
 0 0 0 0 0 0 0 0 0 0 0 0 0 0 0 0 0 1]"
"[7, 11, 14, 32, 44, 53, 54, 57, 58, 60, 63, 66, 67, 72, 73, 80, 82, 83, 87, 88, 90, 92, 94, 96, 99, 100, 101, 105, 110, 111, 115, 116, 117, 118, 119, 122, 123, 124, 129, 131, 136, 140, 141, 142, 143, 144, 146, 149, 152, 153, 156, 157, 158, 162, 165, 167, 168, 169, 171, 173, 174, 177, 178, 179, 183, 185, 190, 191, 192, 193, 197, 200, 201, 202, 203, 204, 205, 206, 207, 210, 211, 212, 213, 216, 217, 218, 221, 222, 227, 229, 230, 231, 232, 233, 234, 235, 236, 238, 239, 241, 243, 247, 248, 251, 252, 253, 256, 257, 259, 261, 264, 265, 268, 269, 271, 272, 273, 275, 276, 279, 280, 282, 283, 286, 289, 294, 295, 296, 297, 298, 302, 304, 305, 306, 308, 309, 310, 313, 314, 315, 317, 321, 322, 323, 324, 326, 333, 339, 341, 344, 349, 350, 351, 353, 355, 361, 362, 365, 366, 367, 368, 370, 371, 372, 373, 374, 375, 378, 380, 382, 383, 384, 385, 386, 387, 388, 389, 392, 393, 395, 399, 401, 402, 403, 405, 408, 409, 412, 414, 418, 419, 420, 421, 424, 426, 428, 429, 431, 432, 434, 435, 438, 439, 440, 442, 443, 445, 447, 449, 452, 453, 454, 455, 456, 458, 459, 460, 461, 462, 471, 472, 474, 476, 479, 480, 481, 482, 483, 485, 487, 488, 490, 491, 492, 495, 500, 501, 503, 510, 511, 512, 514, 515, 517, 520, 521, 523, 525, 526, 527, 528, 531, 532, 535, 538, 539, 540, 541, 542, 543, 544, 545, 547, 548, 555, 566, 567, 571, 572, 573, 575, 579, 581, 582, 586, 587, 589, 591, 593, 594, 597, 598, 599, 601, 602, 603, 604, 606, 609, 612, 615, 618, 620, 623, 626, 628, 629, 632, 635, 638, 640, 642, 643, 646, 647, 649, 650, 652, 653, 655, 656, 658, 661, 663, 668, 675, 685, 688, 692, 697, 700, 707, 710, 714, 717, 720, 721, 727, 732, 735, 748, 749, 751, 752, 757, 759, 761, 762, 764, 765, 773, 774, 775, 777, 781, 786, 789, 790, 797, 803, 804, 806, 812, 818, 819, 830, 832, 834, 835, 836, 839, 840, 842, 844, 845, 848, 853, 864, 870, 875, 886, 887, 888, 894, 896, 899, 906, 907, 908, 917, 925, 938, 950, 961, 962, 965, 970, 972, 990, 994, 995, 1005, 1008, 1014, 1015, 1017, 1018, 1020, 1022, 1025, 1030, 1032, 1035, 1036, 1040, 1048, 1056, 1058, 1062, 1073, 1074, 1083, 1088, 1091, 1093, 1094, 1099, 1102, 1107, 1113, 1115, 1116, 1125, 1137, 1138, 1139, 1140, 1141, 1142, 1151, 1170, 1182, 1188, 1192, 1195, 1199, 1204, 1206, 1207, 1215, 1218, 1221, 1225, 1227, 1230, 1231, 1247]",Obesity,"{'gamma': 0, 'learning_rate': 0.01, 'max_depth': 3, 'min_child_weight': 1, 'n_estimators': 100}",0.5,0.0425531914893617,"[0 0 0 0 0 0 0 0 0 1 0 0 0 0 0 0 0 0 0 0 0 0 1 0 0 0 0 0 0 0 1 0 0 0 0 0 0
 0 0 0 0 1 0 0 0 0 0 0 0 0 1 0 0 0 0 0 0 0 0 0 0 0 0 0 1 0 0 0 0 0 0 1 0 0
 0 0 0 0 0 0 0 0 0 0 0 0 0 0 0 0]"
"[3, 5, 7, 8, 10, 11, 12, 14, 17, 18, 25, 29, 31, 32, 33, 34, 37, 38, 39, 40, 41, 42, 48, 52, 53, 54, 57, 58, 60, 63, 66, 67, 72, 73, 80, 82, 83, 88, 90, 92, 94, 96, 99, 100, 101, 105, 110, 111, 112, 115, 116, 117, 118, 119, 122, 123, 124, 125, 129, 131, 136, 139, 140, 141, 142, 143, 144, 146, 148, 149, 152, 153, 156, 157, 158, 162, 165, 167, 168, 169, 171, 172, 173, 174, 176, 177, 178, 179, 183, 185, 187, 190, 191, 192, 193, 197, 198, 200, 201, 202, 203, 204, 205, 206, 207, 210, 211, 212, 213, 216, 217, 218, 219, 221, 222, 227, 229, 230, 231, 232, 233, 235, 236, 238, 240, 241, 243, 247, 248, 250, 251, 252, 253, 256, 257, 259, 261, 264, 265, 268, 269, 271, 272, 273, 275, 276, 279, 280, 282, 283, 286, 288, 289, 294, 295, 296, 297, 298, 300, 302, 304, 306, 309, 310, 313, 314, 315, 317, 321, 322, 323, 324, 326, 333, 339, 341, 344, 347, 349, 350, 351, 353, 355, 357, 361, 362, 363, 365, 366, 367, 368, 370, 371, 372, 373, 374, 375, 378, 380, 382, 383, 384, 385, 386, 387, 388, 389, 392, 393, 395, 397, 399, 401, 402, 403, 404, 405, 406, 408, 409, 412, 414, 418, 419, 420, 421, 424, 426, 429, 431, 432, 434, 435, 438, 439, 440, 442, 443, 445, 447, 451, 452, 453, 454, 455, 456, 458, 459, 460, 461, 462, 471, 472, 474, 476, 479, 480, 481, 482, 483, 485, 487, 488, 490, 491, 492, 495, 500, 501, 503, 510, 511, 512, 513, 514, 515, 517, 520, 521, 523, 525, 526, 527, 528, 531, 532, 534, 535, 538, 539, 540, 541, 542, 543, 544, 545, 547, 548, 555, 566, 567, 571, 572, 573, 575, 579, 581, 582, 586, 587, 589, 591, 593, 594, 596, 597, 598, 599, 601, 602, 603, 604, 606, 609, 612, 615, 618, 620, 623, 626, 628, 629, 632, 635, 638, 640, 642, 643, 646, 647, 649, 652, 653, 654, 655, 656, 658, 661, 663, 668, 675, 685, 687, 688, 690, 692, 694, 697, 700, 707, 710, 714, 717, 720, 721, 727, 732, 735, 748, 749, 751, 752, 757, 759, 761, 762, 764, 765, 773, 774, 775, 777, 781, 786, 789, 790, 797, 803, 804, 806, 808, 812, 813, 818, 819, 830, 832, 835, 836, 839, 840, 842, 844, 845, 848, 853, 864, 870, 875, 886, 887, 888, 894, 896, 899, 906, 907, 908, 917, 925, 938, 950, 961, 962, 965, 970, 972, 979, 990, 994, 995, 1005, 1008, 1014, 1015, 1017, 1018, 1020, 1022, 1025, 1030, 1032, 1035, 1036, 1040, 1048, 1056, 1058, 1062, 1073, 1074, 1083, 1088, 1091, 1093, 1094, 1099, 1102, 1107, 1113, 1115, 1116, 1125, 1137, 1138, 1139, 1140, 1141, 1142, 1151, 1163, 1170, 1174, 1182, 1188, 1192, 1195, 1196, 1199, 1204, 1206, 1207, 1215, 1218, 1221, 1224, 1225, 1227, 1228, 1230, 1231, 1241, 1247]",OSA,"{'gamma': 0, 'learning_rate': 0.01, 'max_depth': 3, 'min_child_weight': 1, 'n_estimators': 50}",0.8585858585858586,0.0,"[0 0 0 0 0 0 0 0 0 0 0 0 0 0 0 0 0 0 0 0 0 0 0 0 0 0 0 0 0 0 0 0 0 0 0 0 0
 0 0 0 0 0 0 0 0 0 0 0 0 0 0 0 0 0 0 0 0 0 0 0 0 0 0 0 0 0 0 0 0 0 0 0 0 0
 0 0 0 0 0 0 0 0 0 0 0 0 0 0 0 0 0 0 0 0 0 0 0 0 0]"
"[3, 7, 8, 9, 10, 11, 12, 14, 17, 18, 25, 29, 31, 32, 34, 37, 38, 39, 40, 41, 42, 43, 44, 53, 54, 57, 58, 60, 63, 66, 67, 72, 73, 80, 82, 83, 87, 88, 90, 92, 94, 99, 100, 101, 105, 110, 111, 112, 115, 116, 117, 118, 119, 122, 123, 129, 131, 136, 140, 141, 142, 143, 144, 146, 148, 149, 152, 153, 156, 157, 158, 162, 165, 167, 168, 169, 171, 172, 173, 174, 176, 177, 178, 179, 183, 185, 187, 190, 191, 192, 193, 198, 200, 201, 202, 203, 204, 205, 206, 207, 208, 210, 211, 212, 216, 217, 218, 219, 222, 227, 230, 231, 233, 234, 235, 236, 238, 239, 240, 241, 247, 248, 250, 251, 252, 253, 256, 259, 261, 264, 265, 268, 269, 271, 272, 273, 275, 276, 279, 280, 282, 283, 286, 288, 289, 294, 295, 296, 297, 298, 300, 302, 304, 305, 306, 308, 310, 313, 314, 317, 321, 322, 323, 324, 333, 339, 341, 344, 350, 351, 353, 355, 361, 362, 363, 365, 366, 367, 368, 370, 371, 372, 373, 374, 375, 378, 380, 382, 383, 384, 386, 387, 388, 389, 392, 393, 395, 397, 399, 401, 402, 403, 404, 405, 406, 408, 409, 412, 414, 418, 419, 420, 421, 424, 426, 428, 429, 431, 432, 435, 439, 440, 442, 443, 445, 447, 449, 451, 452, 453, 455, 456, 458, 459, 460, 461, 462, 471, 474, 476, 479, 480, 481, 482, 483, 485, 487, 488, 490, 491, 492, 495, 500, 501, 503, 510, 511, 512, 513, 514, 515, 517, 520, 521, 523, 525, 526, 527, 528, 531, 532, 534, 535, 538, 539, 540, 541, 542, 543, 544, 547, 548, 555, 566, 567, 572, 575, 579, 582, 586, 587, 589, 591, 593, 594, 596, 598, 599, 601, 602, 603, 604, 606, 609, 615, 618, 620, 623, 626, 628, 629, 638, 640, 642, 643, 646, 647, 649, 650, 652, 653, 654, 655, 656, 658, 661, 662, 663, 668, 675, 685, 687, 688, 692, 694, 697, 700, 707, 710, 714, 717, 720, 721, 727, 735, 748, 749, 751, 757, 759, 761, 762, 764, 765, 773, 774, 775, 781, 786, 789, 790, 797, 803, 804, 806, 808, 812, 813, 818, 819, 830, 832, 834, 835, 836, 839, 840, 842, 844, 845, 848, 853, 864, 870, 875, 886, 887, 888, 894, 896, 899, 906, 907, 908, 917, 925, 938, 950, 961, 962, 965, 970, 972, 979, 990, 994, 995, 1005, 1008, 1014, 1015, 1017, 1018, 1020, 1022, 1025, 1030, 1032, 1035, 1036, 1040, 1048, 1056, 1062, 1074, 1083, 1088, 1091, 1094, 1099, 1102, 1107, 1113, 1115, 1116, 1125, 1137, 1138, 1139, 1140, 1141, 1151, 1163, 1170, 1174, 1182, 1192, 1195, 1196, 1199, 1204, 1206, 1207, 1215, 1218, 1221, 1224, 1225, 1227, 1228, 1230, 1231, 1241, 1247]",PVD,"{'gamma': 0, 'learning_rate': 0.01, 'max_depth': 3, 'min_child_weight': 3, 'n_estimators': 50}",0.8602150537634409,0.0,"[0 0 0 0 0 0 0 0 0 0 0 0 0 0 0 0 0 0 0 0 0 0 0 0 0 0 0 0 0 0 0 0 0 0 0 0 0
 0 0 0 0 0 0 0 0 0 0 0 0 0 0 0 0 0 0 0 0 0 0 0 0 0 0 0 0 0 0 0 0 0 0 0 0 0
 0 0 0 0 0 0 0 0 0 0 0 0 0 0 0 0 0 0 0]"
"[3, 5, 7, 8, 9, 10, 11, 12, 17, 18, 25, 29, 31, 32, 33, 34, 37, 38, 39, 40, 41, 42, 43, 44, 48, 52, 53, 54, 57, 58, 60, 63, 66, 67, 72, 73, 80, 82, 83, 87, 88, 90, 92, 94, 99, 100, 101, 105, 111, 115, 116, 117, 118, 119, 122, 123, 124, 125, 131, 136, 139, 140, 142, 143, 144, 146, 148, 149, 152, 153, 156, 157, 158, 162, 167, 168, 169, 171, 172, 173, 174, 176, 177, 178, 179, 183, 185, 190, 191, 192, 193, 197, 198, 201, 202, 203, 204, 205, 206, 207, 208, 210, 212, 213, 216, 217, 218, 219, 221, 222, 227, 229, 230, 231, 232, 233, 234, 235, 238, 239, 240, 241, 248, 250, 251, 252, 253, 257, 259, 261, 265, 268, 269, 271, 272, 273, 275, 279, 280, 282, 286, 288, 294, 295, 297, 298, 300, 302, 306, 308, 309, 310, 313, 315, 317, 321, 323, 324, 339, 341, 344, 347, 349, 350, 353, 355, 357, 361, 362, 363, 366, 367, 371, 372, 373, 374, 378, 380, 382, 384, 386, 387, 389, 392, 393, 395, 397, 399, 401, 402, 403, 404, 406, 408, 409, 412, 414, 418, 419, 420, 421, 424, 426, 428, 431, 432, 435, 438, 439, 440, 442, 443, 445, 447, 451, 452, 453, 454, 455, 456, 458, 459, 460, 461, 471, 472, 474, 476, 479, 480, 481, 482, 483, 485, 487, 488, 490, 491, 492, 495, 500, 501, 503, 511, 512, 513, 514, 515, 517, 520, 523, 525, 531, 532, 534, 535, 539, 540, 541, 542, 543, 545, 547, 548, 555, 566, 567, 571, 573, 575, 579, 581, 582, 586, 587, 591, 593, 594, 597, 599, 601, 602, 603, 606, 609, 612, 615, 618, 623, 628, 629, 632, 635, 638, 642, 643, 646, 647, 649, 650, 652, 653, 654, 656, 658, 661, 662, 663, 668, 675, 685, 687, 688, 690, 694, 697, 700, 707, 714, 720, 721, 727, 732, 735, 748, 749, 751, 757, 759, 761, 762, 765, 773, 774, 775, 777, 786, 789, 790, 797, 803, 806, 812, 813, 818, 819, 830, 832, 834, 835, 839, 840, 842, 844, 848, 853, 864, 870, 886, 887, 888, 894, 896, 899, 906, 907, 908, 917, 925, 938, 950, 961, 962, 965, 970, 972, 979, 990, 994, 1005, 1008, 1014, 1015, 1017, 1018, 1022, 1025, 1030, 1032, 1035, 1036, 1040, 1056, 1058, 1083, 1088, 1091, 1093, 1094, 1099, 1102, 1107, 1115, 1116, 1125, 1141, 1151, 1163, 1170, 1174, 1182, 1188, 1192, 1195, 1196, 1199, 1204, 1206, 1207, 1218, 1221, 1224, 1225, 1227, 1228, 1230, 1247]",Venous Insufficiency,"{'gamma': 0, 'learning_rate': 0.01, 'max_depth': 3, 'min_child_weight': 1, 'n_estimators': 50}",0.9418604651162791,0.0,"[0 0 0 0 0 0 0 0 0 0 0 0 0 0 0 0 0 0 0 0 0 0 0 0 0 0 0 0 0 0 0 0 0 0 0 0 0
 0 0 0 0 0 0 0 0 0 0 0 0 0 0 0 0 0 0 0 0 0 0 0 0 0 0 0 0 0 0 0 0 0 0 0 0 0
 0 0 0 0 0 0 0 0 0 0 0 0]"
